title,video_id,url
LEGO Instructions - Seasonal - 40864 - Fortune Master - Chinese Traditional Festival,kO2uLeCPs58,https://www.youtube.com/watch?v=kO2uLeCPs58
LEGO Instructions - Seasonal - 40779 - Year of the Horse - Chinese Traditional Festival,Bli18x8ikho,https://www.youtube.com/watch?v=Bli18x8ikho
LEGO Instructions - Seasonal - 80118 - Fortune Firecracker - Chinese Traditional Festival,2clVd3nE_eU,https://www.youtube.com/watch?v=2clVd3nE_eU
LEGO Instructions - Speed Champions - 77252 - APXGP Team Race Car - F1 The Movie,NghQz1IItu4,https://www.youtube.com/watch?v=NghQz1IItu4
LEGO Instructions - Speed Champions - 77253 - Bugatti Vision Gran Turismo - Bugatti,9IPvAE2Edpg,https://www.youtube.com/watch?v=9IPvAE2Edpg
LEGO Instructions - Speed Champions - 77254 - Ferrari SF90 XX Stradale - Ferrari,ZDfWyRkqR_c,https://www.youtube.com/watch?v=ZDfWyRkqR_c
LEGO Instructions - Speed Champions - 77255 - Lightning McQueen - Disney,sdBbfCsSAWE,https://www.youtube.com/watch?v=sdBbfCsSAWE
LEGO Instructions - Sonic the Hedgehog - 77117 - Sonic: Speedster Lightning,YwJjgEtUN-4,https://www.youtube.com/watch?v=YwJjgEtUN-4
LEGO Instructions - City - 30719 - Go-Kart Racer - Racing,jmMKS7WRJj8,https://www.youtube.com/watch?v=jmMKS7WRJj8
LEGO Instructions - City - 60483 - Loader - Rides,zB70hWaaozg,https://www.youtube.com/watch?v=zB70hWaaozg
LEGO Instructions - City - 60484 - Gaming Car - Rides,UkyPPPQFWzg,https://www.youtube.com/watch?v=UkyPPPQFWzg
LEGO Instructions - City - 60482 - Fire Engine - Rides,A9dHBGEeCuY,https://www.youtube.com/watch?v=A9dHBGEeCuY
LEGO Instructions - City - 60481 - Police Truck - Rides,18egrc10RFE,https://www.youtube.com/watch?v=18egrc10RFE
LEGO Instructions - City - 60485 - Hot Rod - Racing,vG3LZ2edNuE,https://www.youtube.com/watch?v=vG3LZ2edNuE
LEGO Instructions - City - 60491 - Motorcycle Transporter - Traffic (Book 1),lFwyJhE6vTQ,https://www.youtube.com/watch?v=lFwyJhE6vTQ
LEGO Instructions - City - 60491 - Motorcycle Transporter - Traffic (Book 2),GBKpiZrWRu0,https://www.youtube.com/watch?v=GBKpiZrWRu0
LEGO Instructions - City - 60491 - Motorcycle Transporter - Traffic,Le4-0v38VjE,https://www.youtube.com/watch?v=Le4-0v38VjE
LEGO Instructions - City - 60486 - EV Supercar - Traffic,jBm4MS0aU9A,https://www.youtube.com/watch?v=jBm4MS0aU9A
LEGO Instructions - City - 60487 - Yellow Taxi - Traffic,V7K3QiEN7Rs,https://www.youtube.com/watch?v=V7K3QiEN7Rs
LEGO Instructions - City - 60479 - Police Prisoner Transport Van - Police,TBXWQDXBu00,https://www.youtube.com/watch?v=TBXWQDXBu00
LEGO Instructions - City - 60488 - Fries Food Truck - Traffic (Book 2),trN7dFLm3zU,https://www.youtube.com/watch?v=trN7dFLm3zU
LEGO Instructions - City - 60488 - Fries Food Truck - Traffic (All Books),feROvqJDtF8,https://www.youtube.com/watch?v=feROvqJDtF8
LEGO Instructions - City - 60489 - Jet vs. Car - Racing (Book 1),gCqJGoXWOTo,https://www.youtube.com/watch?v=gCqJGoXWOTo
LEGO Instructions - City - 60489 - Jet vs. Car - Racing (Book 2),lrNkQ2fvaAI,https://www.youtube.com/watch?v=lrNkQ2fvaAI
LEGO Instructions - City - 60489 - Jet vs. Car - Racing,5xBfn29mzPM,https://www.youtube.com/watch?v=5xBfn29mzPM
LEGO Instructions - City - 60490 - Snowplough - Traffic,J8byJiR-DW4,https://www.youtube.com/watch?v=J8byJiR-DW4
LEGO Instructions - City - 60500 - The LEGO Van - Traffic,ohD8-aHfz60,https://www.youtube.com/watch?v=ohD8-aHfz60
LEGO Instructions - City - 60478 - Cement Mixer - Construction,w6ggM_T5T-M,https://www.youtube.com/watch?v=w6ggM_T5T-M
LEGO Instructions - City - 60495 - Recycling Truck - Traffic,df2pRn4gJZM,https://www.youtube.com/watch?v=df2pRn4gJZM
LEGO Instructions - City - 60503 - Coast Guard Helicopter - Coast Guard,OmfTOdPT44E,https://www.youtube.com/watch?v=OmfTOdPT44E
LEGO Instructions - City - 60499 - Airport Fire Engine - Airport,b3fBWZ87txA,https://www.youtube.com/watch?v=b3fBWZ87txA
LEGO Instructions - City - 60504 - Coast Guard Rescue Boat - Coast Guard (Book 1),JDbTuIut2Dc,https://www.youtube.com/watch?v=JDbTuIut2Dc
LEGO Instructions - City - 60504 - Coast Guard Rescue Boat - Coast Guard (Book 2),zr4Iu9vaz1A,https://www.youtube.com/watch?v=zr4Iu9vaz1A
LEGO Instructions - City - 60504 - Coast Guard Rescue Boat - Coast Guard (All Books),XQjfIa5w6x8,https://www.youtube.com/watch?v=XQjfIa5w6x8
LEGO Instructions - City - 60502 - Airport with Airplane - Airport (Book 1),xGryBTCVwNY,https://www.youtube.com/watch?v=xGryBTCVwNY
LEGO Instructions - City - 60502 - Airport with Airplane - Airport (Book 2),PdrwRW9GD5A,https://www.youtube.com/watch?v=PdrwRW9GD5A
LEGO Instructions - City - 60502 - Airport with Airplane - Airport (Book 3),q-9e3sIsls8,https://www.youtube.com/watch?v=q-9e3sIsls8
LEGO Instructions - City - 60502 - Airport with Airplane - Airport (Book 4),rMQGdAl6UmM,https://www.youtube.com/watch?v=rMQGdAl6UmM
LEGO Instructions - City - 60502 - Airport with Airplane - Airport (All Books),uo5yUtFsXVM,https://www.youtube.com/watch?v=uo5yUtFsXVM
"LEGO Instructions - City - 60505 - Airplane, Service Truck & Hovercraft Remix - Mix & Match (Book 1)",YR2fWrarkLw,https://www.youtube.com/watch?v=YR2fWrarkLw
"LEGO Instructions - City - 60505 - Airplane, Service Truck & Hovercraft Remix - Mix & Match (Book 2)",H80uz8SabYw,https://www.youtube.com/watch?v=H80uz8SabYw
LEGO Instructions - Icons - 11371 - Shopping Street - Modular Buildings Collection,6rHMlzTG3MA,https://www.youtube.com/watch?v=6rHMlzTG3MA
LEGO Instructions - Icons - 11372 - Autumn Cottage Garden - Gardens of the World,3HKH-zSuvww,https://www.youtube.com/watch?v=3HKH-zSuvww
LEGO Instructions - Icons - 40891 - Stranger Things: WSQK Radio Station - Stranger Things,MDGzZCctJX4,https://www.youtube.com/watch?v=MDGzZCctJX4
LEGO Instructions - Icons - 40913 - Vintage Parade Car - Promotional,qbW5mnTNqm4,https://www.youtube.com/watch?v=qbW5mnTNqm4
LEGO Instructions - Ninjago - 30723 - Cole's Car - Rise of the Snakes,DSyI9KVSUIc,https://www.youtube.com/watch?v=DSyI9KVSUIc
LEGO Instructions - Ninjago - 71849 - Nya vs. Mutation Monster Spinner - Monster Spinners,akbsGNgfzZE,https://www.youtube.com/watch?v=akbsGNgfzZE
LEGO Instructions - Ninjago - 71850 - Lloyd vs. Earth Monster Spinner - Monster Spinners,eBH4O0wbqd0,https://www.youtube.com/watch?v=eBH4O0wbqd0
LEGO Instructions - Ninjago - 71854 - Cole's Mission Mech - Dragons Rising Season 4,nSMkjCr1KFA,https://www.youtube.com/watch?v=nSMkjCr1KFA
LEGO Instructions - Ninjago - 71855 - Ninja Dragon Riyu's Battle - Dragons Rising Season 4,MhXXEv6pxqo,https://www.youtube.com/watch?v=MhXXEv6pxqo
LEGO Instructions - Ninjago - 71856 - Jay's Transforming Car - Dragons Rising Season 4,0MO2sMgpJGQ,https://www.youtube.com/watch?v=0MO2sMgpJGQ
LEGO Instructions - Ninjago - 71858 - Four Weapons Blacksmith - Pilot Season,o__CRaha1yA,https://www.youtube.com/watch?v=o__CRaha1yA
LEGO Instructions - Ninjago - 71859 - The Dragon of Life - Dragons Rising Season 4 (Book 1),MSuS4pIOAaE,https://www.youtube.com/watch?v=MSuS4pIOAaE
LEGO Instructions - Ninjago - 71859 - The Dragon of Life - Dragons Rising Season 4 (Book 2),Rn9lB3rZnGk,https://www.youtube.com/watch?v=Rn9lB3rZnGk
LEGO Instructions - Ninjago - 71859 - The Dragon of Life - Dragons Rising Season 4 (All Books),SEz6lnwZMnQ,https://www.youtube.com/watch?v=SEz6lnwZMnQ
LEGO Instructions - Ninjago - 71861 - The Old Town - Legacy (Book 1),iU3oqSp_FWk,https://www.youtube.com/watch?v=iU3oqSp_FWk
LEGO Instructions - Ninjago - 71861 - The Old Town - Legacy (Book 2),YnwUhY1-l0I,https://www.youtube.com/watch?v=YnwUhY1-l0I
LEGO Instructions - Ninjago - 71861 - The Old Town - Legacy (Book 4),rAOBc9GZnow,https://www.youtube.com/watch?v=rAOBc9GZnow
LEGO Instructions - Art - 31218 - Japanese Cherry Blossom Landscape - Paintings,RQUQttOoLSQ,https://www.youtube.com/watch?v=RQUQttOoLSQ
LEGO Instructions - Botanicals - 11501 - Tulip Bouquet - Botanical Collection (Book 1),fu0lheZkWds,https://www.youtube.com/watch?v=fu0lheZkWds
LEGO Instructions - Botanicals - 11501 - Tulip Bouquet - Botanical Collection (Book 2),BZ90NRLJyfs,https://www.youtube.com/watch?v=BZ90NRLJyfs
LEGO Instructions - Botanicals - 11501 - Tulip Bouquet - Botanical Collection (All Books),DpT9nKGqDMc,https://www.youtube.com/watch?v=DpT9nKGqDMc
LEGO Instructions - Botanicals - 11509 - Flowering Cactus - Botanical Collection,xgpEsznfAGo,https://www.youtube.com/watch?v=xgpEsznfAGo
"LEGO Instructions - City - 60505 - Airplane, Service Truck & Hovercraft Remix - Mix & Match (Book 3)",m_QwcDRcoEk,https://www.youtube.com/watch?v=m_QwcDRcoEk
LEGO Instructions - Creator - 30714 - Orange Cat - 3 in 1 (Book 1),P-ADnpoeInw,https://www.youtube.com/watch?v=P-ADnpoeInw
LEGO Instructions - Creator - 30714 - Orange Cat - 3 in 1 (Book 2),9QIjUI0JbHE,https://www.youtube.com/watch?v=9QIjUI0JbHE
LEGO Instructions - Creator - 30714 - Orange Cat - 3 in 1 (Book 3),tvCVH3Oy9j8,https://www.youtube.com/watch?v=tvCVH3Oy9j8
LEGO Instructions - Creator - 30714 - Orange Cat - 3 in 1 (All Books),jDVVNoXUGcQ,https://www.youtube.com/watch?v=jDVVNoXUGcQ
LEGO Instructions - Creator - 30715 - Cute Animal Birthday Party - Seasonal,UCD-BHqTb2A,https://www.youtube.com/watch?v=UCD-BHqTb2A
LEGO Instructions - Creator - 31376 - Cute Hamster with a Flower - 3 in 1 (Book 1),hUYw4hntuWI,https://www.youtube.com/watch?v=hUYw4hntuWI
LEGO Instructions - Creator - 31376 - Cute Hamster with a Flower - 3 in 1 (Book 2),jpZjkoWVPHU,https://www.youtube.com/watch?v=jpZjkoWVPHU
LEGO Instructions - Creator - 31376 - Cute Hamster with a Flower - 3 in 1 (Book 3),aE7W8Rbh1Os,https://www.youtube.com/watch?v=aE7W8Rbh1Os
LEGO Instructions - Creator - 31376 - Cute Hamster with a Flower - 3 in 1 (All Books),bSU4J4vR8SE,https://www.youtube.com/watch?v=bSU4J4vR8SE
LEGO Instructions - Creator - 31377 - Turtle with a Water Lily - 3 in 1 (Book 1),YJ3ankp_tR4,https://www.youtube.com/watch?v=YJ3ankp_tR4
LEGO Instructions - Creator - 31377 - Turtle with a Water Lily - 3 in 1 (Book 2),ToABsTjwKxI,https://www.youtube.com/watch?v=ToABsTjwKxI
LEGO Instructions - Creator - 31377 - Turtle with a Water Lily - 3 in 1 (Book 3),RhPx5kGGP4s,https://www.youtube.com/watch?v=RhPx5kGGP4s
LEGO Instructions - Creator - 31377 - Turtle with a Water Lily - 3 in 1 (All Books),7ry3HHRnYoU,https://www.youtube.com/watch?v=7ry3HHRnYoU
LEGO Instructions - Creator - 31378 - Space Exploration Telescope (Book 1),NS9MiixHTFE,https://www.youtube.com/watch?v=NS9MiixHTFE
LEGO Instructions - Creator - 31378 - Space Exploration Telescope (Book 2),7kt1cA13pjg,https://www.youtube.com/watch?v=7kt1cA13pjg
LEGO Instructions - Creator - 31378 - Space Exploration Telescope (Book 3),gQAIhoAXALw,https://www.youtube.com/watch?v=gQAIhoAXALw
LEGO Instructions - Creator - 31378 - Space Exploration Telescope (All Books),RCCwfA9e4xc,https://www.youtube.com/watch?v=RCCwfA9e4xc
LEGO Instructions - Creator - 31379 - Fierce Dinosaur - 3 in 1 (Book 1),bYYFuaPucIg,https://www.youtube.com/watch?v=bYYFuaPucIg
LEGO Instructions - Creator - 31379 - Fierce Dinosaur - 3 in 1 (Book 2),_-hW8Au-di0,https://www.youtube.com/watch?v=_-hW8Au-di0
LEGO Instructions - Creator - 31379 - Fierce Dinosaur - 3 in 1 (Book 3),DCU11VgfmTM,https://www.youtube.com/watch?v=DCU11VgfmTM
LEGO Instructions - Creator - 31379 - Fierce Dinosaur - 3 in 1 (All Books),fD-Tm9RUmqU,https://www.youtube.com/watch?v=fD-Tm9RUmqU
LEGO Instructions - Creator - 31380 - Retro Gaming Console - 3 in 1 (Book 1),DpUAwchIIAU,https://www.youtube.com/watch?v=DpUAwchIIAU
LEGO Instructions - Creator - 31380 - Retro Gaming Console - 3 in 1 (Book 2),8dbWCo6vTuM,https://www.youtube.com/watch?v=8dbWCo6vTuM
LEGO Instructions - Creator - 31380 - Retro Gaming Console - 3 in 1 (Book 3),K-brZ0I1kdk,https://www.youtube.com/watch?v=K-brZ0I1kdk
LEGO Instructions - Creator - 31380 - Retro Gaming Console - 3 in 1 (All Books),8a4NbVoxwgA,https://www.youtube.com/watch?v=8a4NbVoxwgA
LEGO Instructions - Creator - 31381 - Fierce Shark with a Treasure Chest - 3 in 1 (Book 1),dbVjMtNPkJo,https://www.youtube.com/watch?v=dbVjMtNPkJo
LEGO Instructions - Creator - 31381 - Fierce Shark with a Treasure Chest - 3 in 1 (Book 2),BDVdqMnGyvM,https://www.youtube.com/watch?v=BDVdqMnGyvM
LEGO Instructions - Creator - 31381 - Fierce Shark with a Treasure Chest - 3 in 1 (Book 3),H2vrb3P-F70,https://www.youtube.com/watch?v=H2vrb3P-F70
LEGO Instructions - Creator - 31381 - Fierce Shark with a Treasure Chest - 3 in 1 (All Books),8kdF4VScHvY,https://www.youtube.com/watch?v=8kdF4VScHvY
LEGO Instructions - Creator - 31382 - Playful Puppy - 3 in 1 (Book 1),NuQeXTvinJk,https://www.youtube.com/watch?v=NuQeXTvinJk
LEGO Instructions - Creator - 31382 - Playful Puppy - 3 in 1 (Book 2),G18R1rx7MWw,https://www.youtube.com/watch?v=G18R1rx7MWw
LEGO Instructions - Creator - 31382 - Playful Puppy - 3 in 1 (Book 3),lEDdJiN4YTY,https://www.youtube.com/watch?v=lEDdJiN4YTY
LEGO Instructions - Creator - 31382 - Playful Puppy - 3 in 1 (All Books),4fQsIcfEzoo,https://www.youtube.com/watch?v=4fQsIcfEzoo
LEGO Instructions - Creator - 31384 - Colourful Hummingbird - 3 in 1 (Book 1),kpoclxuNYp0,https://www.youtube.com/watch?v=kpoclxuNYp0
LEGO Instructions - Creator - 31384 - Colourful Hummingbird - 3 in 1 (Book 2),rvebcqlwhgk,https://www.youtube.com/watch?v=rvebcqlwhgk
LEGO Instructions - Creator - 31384 - Colourful Hummingbird - 3 in 1 (Book 3),gleRTxClHF0,https://www.youtube.com/watch?v=gleRTxClHF0
LEGO Instructions - Creator - 31384 - Colourful Hummingbird - 3 in 1 (All Books),jTrUOoP8ntQ,https://www.youtube.com/watch?v=jTrUOoP8ntQ
LEGO Instructions - Creator - 31385 - Beautiful Dolphins - 3 in 1 (Book 1),ODiQ3XR75uA,https://www.youtube.com/watch?v=ODiQ3XR75uA
LEGO Instructions - Creator - 31385 - Beautiful Dolphins - 3 in 1 (Book 2),bxJJpajbovY,https://www.youtube.com/watch?v=bxJJpajbovY
LEGO Instructions - Creator - 31385 - Beautiful Dolphins - 3 in 1 (Book 3),XV8HyqMLruw,https://www.youtube.com/watch?v=XV8HyqMLruw
LEGO Instructions - Creator - 31385 - Beautiful Dolphins - 3 in 1 (All Books),xtVEpwNcHEo,https://www.youtube.com/watch?v=xtVEpwNcHEo
LEGO Instructions - Disney - 30720 - Ariel and Flounder’s Birthday Music Fun - Disney Princess,8OVV--MdLac,https://www.youtube.com/watch?v=8OVV--MdLac
LEGO Instructions - Dreamzzz - 71508 - Fox Guardian Mech - Season 4,HQt85LJ2mqc,https://www.youtube.com/watch?v=HQt85LJ2mqc
LEGO Instructions - Dreamzzz - 71512 - Crocodile Submarine - Season 4,59epSIC1EJw,https://www.youtube.com/watch?v=59epSIC1EJw
LEGO Instructions - Dreamzzz - 71513 - Nightmare Scorpion Digger - Season 4,rQgh1fCkk5Q,https://www.youtube.com/watch?v=rQgh1fCkk5Q
LEGO Instructions - Dreamzzz - 71514 - Dino Jet - Season 4,fCU58udPC4o,https://www.youtube.com/watch?v=fCU58udPC4o
[Private video],EW2OI46gi3Y,https://www.youtube.com/watch?v=EW2OI46gi3Y
[Private video],6F0bsHxhQKo,https://www.youtube.com/watch?v=6F0bsHxhQKo
[Private video],ImQa_VJabPQ,https://www.youtube.com/watch?v=ImQa_VJabPQ
LEGO Instructions - Duplo - 10470 - Modern Family House with Figures (All Books),ZrlONyW7Bs8,https://www.youtube.com/watch?v=ZrlONyW7Bs8
LEGO Instructions - Duplo - 10471 - Blue Police Motorcycle,RTOSagr8wBk,https://www.youtube.com/watch?v=RTOSagr8wBk
LEGO Instructions - Duplo - 10473 - Fire Truck with Hose and Firefighter,zFJG6In-zF4,https://www.youtube.com/watch?v=zFJG6In-zF4
LEGO Instructions - Duplo - 10474 - Creative Vehicles,uQJnYDQZsgM,https://www.youtube.com/watch?v=uQJnYDQZsgM
LEGO Instructions - Duplo - 10475 - 3 in 1 Construction Vehicles (Book 1),wD5dGOROdcQ,https://www.youtube.com/watch?v=wD5dGOROdcQ
[Private video],Kvj0ZDmC4hE,https://www.youtube.com/watch?v=Kvj0ZDmC4hE
[Private video],Gf-CljsoJnY,https://www.youtube.com/watch?v=Gf-CljsoJnY
LEGO Instructions - Duplo - 10475 - 3 in 1 Construction Vehicles (All Books),Pt3clxyv1z8,https://www.youtube.com/watch?v=Pt3clxyv1z8
[Private video],ZMGKSztvj5o,https://www.youtube.com/watch?v=ZMGKSztvj5o
[Private video],s9fEUURFuqA,https://www.youtube.com/watch?v=s9fEUURFuqA
[Private video],OB8yC5BlV9I,https://www.youtube.com/watch?v=OB8yC5BlV9I
LEGO Instructions - Duplo - 10476 - 3 in 1 Construction Site and Vehicles (All Books),g0vtjT8i5M8,https://www.youtube.com/watch?v=g0vtjT8i5M8
LEGO Instructions - Marvel Super Heroes - 11206 - Spidey on his Motorcycle vs. Rhino,WUBJVI0EnAg,https://www.youtube.com/watch?v=WUBJVI0EnAg
LEGO Instructions - Minecraft - 21583 - Steve's Taiga Adventure - Minifig-scale,GxLWil4FplE,https://www.youtube.com/watch?v=GxLWil4FplE
LEGO Instructions - Minecraft - 21585 - Chicken Farm - Minifig-scale,PdfeQCzo9y4,https://www.youtube.com/watch?v=PdfeQCzo9y4
LEGO Instructions - Minecraft - 21586 - The Pale Garden - Minifig-scale,PQFp-gboUIA,https://www.youtube.com/watch?v=PQFp-gboUIA
LEGO Instructions - Minecraft - 21587 - Zombie Dungeon - Minifig-scale,OMpVf3pt0JU,https://www.youtube.com/watch?v=OMpVf3pt0JU
LEGO Instructions - Minecraft - 21588 - The Fox - Buildable Figures,bhiSIl4nn2E,https://www.youtube.com/watch?v=bhiSIl4nn2E
LEGO Instructions - Minecraft - 21589 - Mini Biomes - Microscale,MfG2YaY7Hlo,https://www.youtube.com/watch?v=MfG2YaY7Hlo
LEGO Instructions - Minecraft - 21590 - Wither Battle - Minifig-scale,xv1P4A1zJyo,https://www.youtube.com/watch?v=xv1P4A1zJyo
LEGO Instructions - Duplo - 30712 - Celebration Cake,Q1PgsVHcd9Y,https://www.youtube.com/watch?v=Q1PgsVHcd9Y
LEGO Instructions - Friends - 30721 - Flower Stand with Roses - General,1e9FivJNC4c,https://www.youtube.com/watch?v=1e9FivJNC4c
LEGO Instructions - Friends - 30722 - Garden Bunny House,htn_6gBFBqI,https://www.youtube.com/watch?v=htn_6gBFBqI
LEGO Instructions - Star Wars - 30727 - TIE Advanced - Episode IV,1JwhUnMSI0Q,https://www.youtube.com/watch?v=1JwhUnMSI0Q
LEGO Instructions - Technic - 30735 - Hot Rod Car,HYqGYmpXY2c,https://www.youtube.com/watch?v=HYqGYmpXY2c
LEGO Instructions - Seasonal - 40863 - Easter Egg Basket - Easter,XmxdLLZwYVI,https://www.youtube.com/watch?v=XmxdLLZwYVI
LEGO Instructions - Seasonal - 40867 - Love Letters - Valentine's Day,3rkpAfNljY8,https://www.youtube.com/watch?v=3rkpAfNljY8
[Private video],kjOyTUCQcUc,https://www.youtube.com/watch?v=kjOyTUCQcUc
LEGO Instructions - Seasonal - 40920 - Bugs Bunny - Easter,m4sFj-AL_tY,https://www.youtube.com/watch?v=m4sFj-AL_tY
LEGO Instructions - Miscellaneous - 66817 - Hearts & Flowers Gift Set  (Book 1),X8ed8YuzHq4,https://www.youtube.com/watch?v=X8ed8YuzHq4
LEGO Instructions - Miscellaneous - 66817 - Hearts & Flowers Gift Set  (Book 2),NTx3m8EnyjM,https://www.youtube.com/watch?v=NTx3m8EnyjM
[Private video],c2d-5Aw7V6g,https://www.youtube.com/watch?v=c2d-5Aw7V6g
LEGO Instructions - Miscellaneous - 66817 - Hearts & Flowers Gift Set  (All Books),dm7Of3S1NSE,https://www.youtube.com/watch?v=dm7Of3S1NSE
LEGO Instructions - Ninjago - 71866 - Ninja Character Display - Legacy,twuKRSYqVHQ,https://www.youtube.com/watch?v=twuKRSYqVHQ
LEGO Instructions - Marvel Super Heroes - 76341 - Ravager Jumpsuit Groot - Guardians of the Galaxy,7L9I4o2x0Og,https://www.youtube.com/watch?v=7L9I4o2x0Og
LEGO Instructions - Harry Potter - 76460 - Hogwarts Castle: Sorting Hat Ceremony,kyaOlp-GmJE,https://www.youtube.com/watch?v=kyaOlp-GmJE
LEGO Instructions - Harry Potter - 76461 - Cornish Pixie,mu3D2MKXZy8,https://www.youtube.com/watch?v=mu3D2MKXZy8
[Private video],DbXpQCYTLs8,https://www.youtube.com/watch?v=DbXpQCYTLs8
[Private video],8irUvlDJANY,https://www.youtube.com/watch?v=8irUvlDJANY
[Private video],Cy8eE-LOifg,https://www.youtube.com/watch?v=Cy8eE-LOifg
[Private video],rp5Evrbzy8g,https://www.youtube.com/watch?v=rp5Evrbzy8g
LEGO Instructions - Speed Champions - 77257 - McLaren W1 - McLaren,dkJuCnst9pE,https://www.youtube.com/watch?v=dkJuCnst9pE
[Private video],BNH3Vzlk8sE,https://www.youtube.com/watch?v=BNH3Vzlk8sE
LEGO Instructions - Ideas - 21365 - Love Birds,OYX5OpZMllA,https://www.youtube.com/watch?v=OYX5OpZMllA
LEGO Instructions - Botanicals - 11508 - Daisies - Botanical Collection,osQ_7GzAD7U,https://www.youtube.com/watch?v=osQ_7GzAD7U
LEGO Instructions - City - 60488 - Fries Food Truck - Traffic (Book 1),cUOULaceWKo,https://www.youtube.com/watch?v=cUOULaceWKo
"LEGO Instructions - City - 60505 - Airplane, Service Truck & Hovercraft Remix (All Books)",ss3z2PxmnvQ,https://www.youtube.com/watch?v=ss3z2PxmnvQ
[Private video],K9LNr2Z3um0,https://www.youtube.com/watch?v=K9LNr2Z3um0
LEGO Instructions - BrickHeadz - 40922 - Angel - Disney,Q9HZ88Wnmm8,https://www.youtube.com/watch?v=Q9HZ88Wnmm8
LEGO Instructions - City - 60498 - Tractor - Farm,H8qj2Fk5GSY,https://www.youtube.com/watch?v=H8qj2Fk5GSY
LEGO Instructions - Disney - 43281 - Elsa's Ice Castle and Snow Ride Adventure - Frozen (Book 1),IP4K6VvkdWE,https://www.youtube.com/watch?v=IP4K6VvkdWE
LEGO Instructions - Disney - 43281 - Elsa's Ice Castle and Snow Ride Adventure - Frozen (Book 2),8lhlbJPr4_A,https://www.youtube.com/watch?v=8lhlbJPr4_A
LEGO Instructions - Disney - 43281 - Elsa's Ice Castle and Snow Ride Adventure - Frozen (Book 3),lD8sjyqB2Oc,https://www.youtube.com/watch?v=lD8sjyqB2Oc
LEGO Instructions - Disney - 43281 - Elsa's Ice Castle and Snow Ride Adventure - Frozen (Book 4),y-R3JpU-pq8,https://www.youtube.com/watch?v=y-R3JpU-pq8
LEGO Instructions - Disney - 43281 - Elsa's Ice Castle and Snow Ride Adventure - Frozen (All Books),EDyOXxzrDhM,https://www.youtube.com/watch?v=EDyOXxzrDhM
LEGO Instructions - Disney - 43285 - Ariel's Magical Mini Palace - The Little Mermaid (Book 1),0ul7RnaepQM,https://www.youtube.com/watch?v=0ul7RnaepQM
LEGO Instructions - Disney - 43285 - Ariel's Magical Mini Palace - The Little Mermaid (Book 2),0BTyIQ5HcTo,https://www.youtube.com/watch?v=0BTyIQ5HcTo
[Private video],KTZq87FyX5I,https://www.youtube.com/watch?v=KTZq87FyX5I
[Private video],8ks3WLWDKTU,https://www.youtube.com/watch?v=8ks3WLWDKTU
[Private video],bxetsVd1Lh8,https://www.youtube.com/watch?v=bxetsVd1Lh8
[Private video],hioSciCjx4I,https://www.youtube.com/watch?v=hioSciCjx4I
LEGO Instructions - Disney - 43287 - Olaf and Bruni's Picnic Fun - Frozen II,J7mtpfPmC5A,https://www.youtube.com/watch?v=J7mtpfPmC5A
[Private video],ZgvmbQwt4jM,https://www.youtube.com/watch?v=ZgvmbQwt4jM
[Private video],uA8JJy3i-Gs,https://www.youtube.com/watch?v=uA8JJy3i-Gs
[Private video],CG93NxnrG1Y,https://www.youtube.com/watch?v=CG93NxnrG1Y
[Private video],Xt_rGk5TNjA,https://www.youtube.com/watch?v=Xt_rGk5TNjA
[Private video],1Kbd5j4ioUQ,https://www.youtube.com/watch?v=1Kbd5j4ioUQ
LEGO Instructions - Disney - 43291 - Mini Belle & Tiana with Castle - Mini Disney Princess,b3u7bDLGhJQ,https://www.youtube.com/watch?v=b3u7bDLGhJQ
[Private video],o5MSzxr0to4,https://www.youtube.com/watch?v=o5MSzxr0to4
[Private video],1WjfFVvrl8w,https://www.youtube.com/watch?v=1WjfFVvrl8w
LEGO Instructions - Disney - 43303 - Mini Jasmine & Rapunzel - Mini Disney Princess (All Books),bdx_RkSiiro,https://www.youtube.com/watch?v=bdx_RkSiiro
[Private video],QykJiTNcotI,https://www.youtube.com/watch?v=QykJiTNcotI
[Private video],hDLBUzhjLsc,https://www.youtube.com/watch?v=hDLBUzhjLsc
LEGO Instructions - Friends - 42675 - Unicorn Cake Delivery Car - General (All Books),GK9FWn_Ul2o,https://www.youtube.com/watch?v=GK9FWn_Ul2o
[Private video],GyIxFSFKSOI,https://www.youtube.com/watch?v=GyIxFSFKSOI
[Private video],LSQoqa9j-BU,https://www.youtube.com/watch?v=LSQoqa9j-BU
LEGO Instructions - Friends - 42677 - Dog Treats Bakery - Heartlake City (All Books),EFKuv0xK6bE,https://www.youtube.com/watch?v=EFKuv0xK6bE
[Private video],HZcaJBfTg9Q,https://www.youtube.com/watch?v=HZcaJBfTg9Q
[Private video],_efv8X89O9s,https://www.youtube.com/watch?v=_efv8X89O9s
LEGO Instructions - Friends - 42678 - Pet Accessories Van - Pets (All Books),eT7ddfX3uGM,https://www.youtube.com/watch?v=eT7ddfX3uGM
[Private video],xaZppq9-CGM,https://www.youtube.com/watch?v=xaZppq9-CGM
[Private video],HEJkJWF8rDc,https://www.youtube.com/watch?v=HEJkJWF8rDc
LEGO Instructions - Friends - 42679 - Heartlake City Bunny Hotel - Pets (All Books),kdjmnvqVTmk,https://www.youtube.com/watch?v=kdjmnvqVTmk
[Private video],0OLmF2nwO6g,https://www.youtube.com/watch?v=0OLmF2nwO6g
[Private video],BGEfL61Xf4w,https://www.youtube.com/watch?v=BGEfL61Xf4w
LEGO Instructions - Friends - 42680 - Heartlake City Mini Supermarket - Heartlake City (All Books),HNAusHe1op8,https://www.youtube.com/watch?v=HNAusHe1op8
[Private video],EFLCgK82bms,https://www.youtube.com/watch?v=EFLCgK82bms
[Private video],221kDe26NmE,https://www.youtube.com/watch?v=221kDe26NmE
LEGO Instructions - Friends - 42681 - Axolotl Adventure Boat (All Books),Ae6dk2HqvlA,https://www.youtube.com/watch?v=Ae6dk2HqvlA
[Private video],QBmnMEmFofE,https://www.youtube.com/watch?v=QBmnMEmFofE
[Private video],e2UbOG1rb_s,https://www.youtube.com/watch?v=e2UbOG1rb_s
[Private video],84otCZYggCM,https://www.youtube.com/watch?v=84otCZYggCM
LEGO Instructions - Friends - 42684 - Unicorn Dream Café - Heartlake City (All Books),Au5G57KxXNE,https://www.youtube.com/watch?v=Au5G57KxXNE
LEGO Instructions - Friends - 42685 - Heartlake City Fashion Show - Heartlake City,IOnFd2sR_RA,https://www.youtube.com/watch?v=IOnFd2sR_RA
[Private video],Zl6Oth-bb_o,https://www.youtube.com/watch?v=Zl6Oth-bb_o
[Private video],WE89WwCPGPQ,https://www.youtube.com/watch?v=WE89WwCPGPQ
[Private video],xX3dm8udPDQ,https://www.youtube.com/watch?v=xX3dm8udPDQ
[Private video],LwPOYH8sUho,https://www.youtube.com/watch?v=LwPOYH8sUho
[Private video],ZEboDZEvU04,https://www.youtube.com/watch?v=ZEboDZEvU04
[Private video],PdD97X4wugg,https://www.youtube.com/watch?v=PdD97X4wugg
[Private video],M9_ZXuFIJnw,https://www.youtube.com/watch?v=M9_ZXuFIJnw
LEGO Instructions - Friends - 42687 - Liann's Family House - Houses,kqJVzpsNqnk,https://www.youtube.com/watch?v=kqJVzpsNqnk
[Private video],OQ4RUBqGKtk,https://www.youtube.com/watch?v=OQ4RUBqGKtk
[Private video],0YTqaYCEAL0,https://www.youtube.com/watch?v=0YTqaYCEAL0
LEGO Instructions - Friends - 42688 - Horse Stable and Riding Academy - Horseback Riding (All Books),mGZObUkFhW4,https://www.youtube.com/watch?v=mGZObUkFhW4
[Private video],A6DcEo4h12E,https://www.youtube.com/watch?v=A6DcEo4h12E
[Private video],YB6EPLjSNqU,https://www.youtube.com/watch?v=YB6EPLjSNqU
LEGO Instructions - Friends - 42691 - Garden Restaurant - Heartlake City,AX4CGs3Me64,https://www.youtube.com/watch?v=AX4CGs3Me64
LEGO Instructions - Friends - 42692 - Ice Cream & Balloon Stand - Park,J7ZtE05m37w,https://www.youtube.com/watch?v=J7ZtE05m37w
[Private video],oaSevUNVvlQ,https://www.youtube.com/watch?v=oaSevUNVvlQ
[Private video],vTV42pe_1nk,https://www.youtube.com/watch?v=vTV42pe_1nk
LEGO Instructions - Friends - 42695 - Horse & Baby Foal Trailer - Horseback Riding,tnVulHoibuI,https://www.youtube.com/watch?v=tnVulHoibuI
[Private video],kCZjOo1pLrU,https://www.youtube.com/watch?v=kCZjOo1pLrU
[Private video],KyRY9lYe0Ws,https://www.youtube.com/watch?v=KyRY9lYe0Ws
[Private video],VXBrxGdVXaA,https://www.youtube.com/watch?v=VXBrxGdVXaA
LEGO Instructions - Friends - 42696 - Animal Vet Clinic - Vet,qqU00EIqfuI,https://www.youtube.com/watch?v=qqU00EIqfuI
[Private video],Xc_gS2TIcmQ,https://www.youtube.com/watch?v=Xc_gS2TIcmQ
[Private video],GrFBDOclsCY,https://www.youtube.com/watch?v=GrFBDOclsCY
LEGO Instructions - Friends - 42699 - Beach House with Seals - Beach (All Books),ZIu32QFI38g,https://www.youtube.com/watch?v=ZIu32QFI38g
LEGO Instructions - Harry Potter - 76459 - Hagrid & Harry's Privet Drive Escape - Deathly Hallows,_e0aPA1MHvY,https://www.youtube.com/watch?v=_e0aPA1MHvY
LEGO Instructions - Harry Potter - 76464 - Cauldron: Secret Potions Classroom,aEeDKhBauU0,https://www.youtube.com/watch?v=aEeDKhBauU0
LEGO Instructions - Harry Potter - 76466 - Philosopher's Stone - Collectors' Edition,F6P5wAPdXyA,https://www.youtube.com/watch?v=F6P5wAPdXyA
LEGO Instructions - Harry Potter - 76470 - Enchanted Flying Ford Anglia - Chamber of Secrets,pqM3tLP3eB8,https://www.youtube.com/watch?v=pqM3tLP3eB8
LEGO Instructions - Icons - 11370 - Stranger Things: The Creel House - Stranger Things (Book 1),qWci9v6D9aU,https://www.youtube.com/watch?v=qWci9v6D9aU
LEGO Instructions - Icons - 11370 - Stranger Things: The Creel House - Stranger Things (Book 2),BsIEz5aK6rw,https://www.youtube.com/watch?v=BsIEz5aK6rw
LEGO Instructions - Icons - 11370 - Stranger Things: The Creel House - Stranger Things (Book 3),Hd3EyZSY3c0,https://www.youtube.com/watch?v=Hd3EyZSY3c0
LEGO Instructions - Icons - 11370 - Stranger Things: The Creel House - Stranger Things,4SaA-9mMnSk,https://www.youtube.com/watch?v=4SaA-9mMnSk
LEGO Instructions - Marvel Super Heroes - 76335 - Spider-Man vs. Ghost Rider Motorcycle - Spider-Man,zFo3q4NG89M,https://www.youtube.com/watch?v=zFo3q4NG89M
LEGO Instructions - Marvel Super Heroes - 76336 - Spider-Man Car vs. Venomized Wolverine ,pma5Lpipkqc,https://www.youtube.com/watch?v=pma5Lpipkqc
LEGO Instructions - Marvel Super Heroes - 76337 - Miles Morales Mech vs. Spider-Man 2099,dEa6rP6MS6I,https://www.youtube.com/watch?v=dEa6rP6MS6I
[Private video],k8rKOO0wbGQ,https://www.youtube.com/watch?v=k8rKOO0wbGQ
LEGO Instructions – BrickHeadz – 40879 – Eleven - Stranger Things,sLztAR19FDU,https://www.youtube.com/watch?v=sLztAR19FDU
LEGO Instructions - BrickHeadz - 40879 - Demogorgon - Stranger Things,nvR0zRk7kqs,https://www.youtube.com/watch?v=nvR0zRk7kqs
LEGO Instructions - BrickHeadz - 40879 - Max - Stranger Things,c4s2S5E1cdw,https://www.youtube.com/watch?v=c4s2S5E1cdw
[Private video],Ryd0xxm6rIY,https://www.youtube.com/watch?v=Ryd0xxm6rIY
"LEGO Instructions - BrickHeadz - 40879 - Eleven, Max, Demogorgon and Holly Figures (All Books)",zxyKrw1ped0,https://www.youtube.com/watch?v=zxyKrw1ped0
LEGO Instructions - Harry Potter - 76463 - Hogwarts Castle: Hospital Wing (Book 1),z4n7oVgt3zA,https://www.youtube.com/watch?v=z4n7oVgt3zA
LEGO Instructions - Harry Potter - 76463 - Hogwarts Castle: Hospital Wing (Book 2),yVZCJ7afPI0,https://www.youtube.com/watch?v=yVZCJ7afPI0
LEGO Instructions - Harry Potter - 76463 - Hogwarts Castle: Hospital Wing (Book 3),Bl7b51P4_Yk,https://www.youtube.com/watch?v=Bl7b51P4_Yk
LEGO Instructions - Harry Potter - 76463 - Hogwarts Castle: Hospital Wing (All Books),PXg2yu2vEMw,https://www.youtube.com/watch?v=PXg2yu2vEMw
LEGO Instructions - Marvel Super Heroes - 11207 - Spidey: Underwater Vehicles (Book 1),x5HkJ1I-2zA,https://www.youtube.com/watch?v=x5HkJ1I-2zA
LEGO Instructions - Marvel Super Heroes - 11207 - Spidey: Underwater Vehicles (Book 2),zuzqjZeug-M,https://www.youtube.com/watch?v=zuzqjZeug-M
LEGO Instructions - Marvel Super Heroes - 11207 - Spidey: Underwater Vehicles (Book 3),kDmj4Z6-bMM,https://www.youtube.com/watch?v=kDmj4Z6-bMM
LEGO Instructions - Marvel Super Heroes - 11207 - Spidey: Underwater Vehicles,esrOKEkxjWg,https://www.youtube.com/watch?v=esrOKEkxjWg
LEGO Instructions - Marvel Super Heroes - 11208 - Team Spidey Pirate Ship (Book 1),ysQgnIdCoV8,https://www.youtube.com/watch?v=ysQgnIdCoV8
LEGO Instructions - Marvel Super Heroes - 11208 - Team Spidey Pirate Ship (Book 2),BpuVMwT0nyw,https://www.youtube.com/watch?v=BpuVMwT0nyw
LEGO Instructions - Marvel Super Heroes - 11208 - Team Spidey Pirate Ship (Book 3),TKG1bTPWVvA,https://www.youtube.com/watch?v=TKG1bTPWVvA
LEGO Instructions - Marvel Super Heroes - 11208 - Team Spidey Pirate Ship (Book 4),6b8rwT5XELM,https://www.youtube.com/watch?v=6b8rwT5XELM
LEGO Instructions - Marvel Super Heroes - 11208 - Team Spidey Pirate Ship - Spidey and… (All Books),6yt9qMrPPyU,https://www.youtube.com/watch?v=6yt9qMrPPyU
LEGO Instructions - Marvel Super Heroes - 76338 - Mech Battle: Spider-Man vs. Doc  Ock (Book 1),vtZ-YA9Vuv8,https://www.youtube.com/watch?v=vtZ-YA9Vuv8
LEGO Instructions – Marvel Super Heroes – 76338 – Mech Battle: Spider-Man vs. Doc Ock (Book 2),h7twcnFyggs,https://www.youtube.com/watch?v=h7twcnFyggs
LEGO Instructions - Marvel Super Heroes - 76338 - Mech Battle: Spider-Man vs. Doc Ock (All Books),AYA_DeYV7iQ,https://www.youtube.com/watch?v=AYA_DeYV7iQ
LEGO Instructions - Ninjago - 71851 - Kai's Dragon Mech Battle Pack - Dragons Rising Season 4,DdJ7cdbOIBw,https://www.youtube.com/watch?v=DdJ7cdbOIBw
LEGO Instructions - Ninjago - 71857 - Ninja Vehicle Tree House Battle - Dragons Rising Sea… (Book 1),8XagXC79Z5A,https://www.youtube.com/watch?v=8XagXC79Z5A
LEGO Instructions - Ninjago - 71857 - Ninja Vehicle Tree House Battle - Dragons Rising Sea… (Book 2),kviP0AmJqB0,https://www.youtube.com/watch?v=kviP0AmJqB0
LEGO Instructions - Ninjago - 71857 - Ninja Vehicle Tree House Battle - Dragons Rising Sea… (Book 3),uLJrYbAGAs4,https://www.youtube.com/watch?v=uLJrYbAGAs4
LEGO Instructions - Ninjago - 71857 - Ninja Vehicle Tree House Battle (All Books),PTLf_87O8mo,https://www.youtube.com/watch?v=PTLf_87O8mo
LEGO Instructions - Speed Champions - 77256 - Time Machine from Back to the Future,RidR8vreoRU,https://www.youtube.com/watch?v=RidR8vreoRU
LEGO Instructions - Star Wars - 75436 - The Mandalorian & Grogu's Speeder Bike - The Mandalorian,m1zda_3ww5A,https://www.youtube.com/watch?v=m1zda_3ww5A
LEGO Instructions - Star Wars - 75437 - Cobb Vanth's Speeder - The Mandalorian,bO5ktADS5jU,https://www.youtube.com/watch?v=bO5ktADS5jU
LEGO Instructions - Star Wars - 75440 - AT-AT - Starship Collection,ct8skDcPCTk,https://www.youtube.com/watch?v=ct8skDcPCTk
LEGO Instructions - Star Wars - 75441 - Venator-class Attack Cruiser - Starship Collection,WbRywIFd5n4,https://www.youtube.com/watch?v=WbRywIFd5n4
LEGO Instructions - Star Wars - 75443 - Grogu's Homestead - The Mandalorian (Book 1),0HfFfBz7sxk,https://www.youtube.com/watch?v=0HfFfBz7sxk
LEGO Instructions - Star Wars - 75443 - Grogu's Homestead - The Mandalorian (Book 2),Tp9RPmptuNA,https://www.youtube.com/watch?v=Tp9RPmptuNA
LEGO Instructions - Star Wars - 75443 - Grogu's Homestead - The Mandalorian (All Books),k3cclnSmhk0,https://www.youtube.com/watch?v=k3cclnSmhk0
LEGO Instructions - Star Wars - 75448 - Clone Shock Trooper Mech - Mechs,y3KA5Q7PMc4,https://www.youtube.com/watch?v=y3KA5Q7PMc4
LEGO Instructions - Star Wars - 75449 - Siege of Mandalore Battle Pack - The Clone Wars,8p2nbTGqu6s,https://www.youtube.com/watch?v=8p2nbTGqu6s
LEGO Instructions - Star Wars - 75452 - BB-8 - Episode VII,a7YnzfK2LoY,https://www.youtube.com/watch?v=a7YnzfK2LoY
LEGO Instructions - Technic - 42218 - John Deere 1670H Wheeled Harvester - Licensed,XNpV_jC1jTQ,https://www.youtube.com/watch?v=XNpV_jC1jTQ
LEGO Instructions - Technic - 42219 - Monster Jam Grave Digger - Monster Jam,J3rmaNevhk8,https://www.youtube.com/watch?v=J3rmaNevhk8
LEGO Instructions - Technic - 42220 - Monster Jam Sparkle Smash - Monster Jam,r3xcgEKqU10,https://www.youtube.com/watch?v=r3xcgEKqU10
LEGO Instructions - Technic - 42222 - Bugatti Chiron Pur Sport - Licensed,0qamCxGgHkg,https://www.youtube.com/watch?v=0qamCxGgHkg
LEGO Instructions - Technic - 42223 - 1966 Ford GT40 MKII - Licensed,KUcA8Fi0_Vo,https://www.youtube.com/watch?v=KUcA8Fi0_Vo
LEGO Instructions - Technic - 42224 - Porsche 911 GT3 R REXY AO Racing - Licensed,4gtB9ihIKIc,https://www.youtube.com/watch?v=4gtB9ihIKIc
LEGO Instructions - Dreamzzz - 71515 - Tiger Shark Tank - Season 4,ksY7X-WGFG4,https://www.youtube.com/watch?v=ksY7X-WGFG4
LEGO Instructions - Ninjago - 71861 - The Old Town - Legacy (Book 3),dKSJVEgwEGU,https://www.youtube.com/watch?v=dKSJVEgwEGU
LEGO Instructions - Friends - 42689 - Heartlake City Friends Club House - Heartlake City (All Books),9mFqyWe9sf4,https://www.youtube.com/watch?v=9mFqyWe9sf4
LEGO Instructions - Ninjago - 71861 - The Old Town - Legacy (All Books),1wSImUJGd6s,https://www.youtube.com/watch?v=1wSImUJGd6s
LEGO Instructions - Minecraft - 21584 - Nether & End Portal Journey - Minifig-scale (Book 1),UyEYgWq13yw,https://www.youtube.com/watch?v=UyEYgWq13yw
LEGO Instructions - Minecraft - 21584 - Nether & End Portal Journey - Minifig-scale (Book 2),MBkjSoLSLEE,https://www.youtube.com/watch?v=MBkjSoLSLEE
LEGO Instructions - Minecraft - 21584 - Nether & End Portal Journey - Minifig-scale (All Books),EYTeoqguw10,https://www.youtube.com/watch?v=EYTeoqguw10
LEGO Instructions - Marvel Super Heroes - 76344 - Iron Man Mark 3 Collectors' Edition - Iron Man,_-Lm7bQl2Kk,https://www.youtube.com/watch?v=_-Lm7bQl2Kk
[Private video],Yf7jZjr0w5I,https://www.youtube.com/watch?v=Yf7jZjr0w5I
[Private video],YARgT4WYwXc,https://www.youtube.com/watch?v=YARgT4WYwXc
LEGO Instructions - Disney - 43284 - Mini Anna & Elsa - Mini Disney Princess (All Books),Nws38662X6c,https://www.youtube.com/watch?v=Nws38662X6c
LEGO Instructions - Technic - 42221 - NASA Artemis Space Launch System Rocket - Licensed,EYxg2MhbpMs,https://www.youtube.com/watch?v=EYxg2MhbpMs
LEGO Instructions - Marvel Super Heroes - 76334 - Epic Battle: Spider-Man vs. Sandman - Spider-Man 3,jXSVUVZ1R4s,https://www.youtube.com/watch?v=jXSVUVZ1R4s
[Private video],hXoGZpzqVD4,https://www.youtube.com/watch?v=hXoGZpzqVD4
[Private video],GK7hLSzdUmA,https://www.youtube.com/watch?v=GK7hLSzdUmA
[Private video],5Qh6hQ5Hoss,https://www.youtube.com/watch?v=5Qh6hQ5Hoss
LEGO Instructions - Gabby's Dollhouse - 11215 - Gabby's Brick-Built Cat Friends (All Books),_dh76Ngz4Is,https://www.youtube.com/watch?v=_dh76Ngz4Is
LEGO Instructions - City - 951309 - Construction Worker - Magazine Gift,q0_1cY-rwvU,https://www.youtube.com/watch?v=q0_1cY-rwvU
[Private video],eBRSJUEd1xo,https://www.youtube.com/watch?v=eBRSJUEd1xo
LEGO Instructions - Seasonal - 80119 - Galloping Horse Canvas - Chinese Traditional Festival,yqudXYgBFDA,https://www.youtube.com/watch?v=yqudXYgBFDA
LEGO Instructions – Marvel Super Heroes – 76343 – Epic Battle: Hulkbuster vs. The Hulk (Book 1),6MT8VyunLHI,https://www.youtube.com/watch?v=6MT8VyunLHI
LEGO Instructions – Marvel Super Heroes – 76343 – Epic Battle: Hulkbuster vs. The Hulk (Book 2),9yMTlxH5Qzk,https://www.youtube.com/watch?v=9yMTlxH5Qzk
LEGO Instructions – Marvel Super Heroes – 76343 – Epic Battle: Hulkbuster vs. The Hulk (All Books),wqR-RweiIPs,https://www.youtube.com/watch?v=wqR-RweiIPs
LEGO Instructions – Marvel Super Heroes – 76342 – Spider-Man vs. Mysterio: The Daily Bugle (Book 1),uLO0DKVx8XI,https://www.youtube.com/watch?v=uLO0DKVx8XI
LEGO Instructions – Marvel Super Heroes – 76342 – Spider-Man vs. Mysterio: The Daily Bugle (Book 2),brUQbqbHdBU,https://www.youtube.com/watch?v=brUQbqbHdBU
LEGO Instructions – Marvel Super Heroes – 76342 – Spider-Man vs. Mysterio: The Daily Bugle (Book 3),KI5JOUPJpbk,https://www.youtube.com/watch?v=KI5JOUPJpbk
LEGO Instructions – Marvel Super Heroes – 76342 – Spider-Man vs. Mysterio: The Daily Bugle,ExtYvjt8USA,https://www.youtube.com/watch?v=ExtYvjt8USA
LEGO Instructions – Sonic the Hedgehog – 77118 – Silver's Car vs. Knuckles' Monster Truck (Book 1),0UOkpexMsvs,https://www.youtube.com/watch?v=0UOkpexMsvs
LEGO Instructions - Sonic the Hedgehog - 77118 - Silver's Car vs. Knuckles' Monster Truck… (Book 2),cvkn-mh6U_0,https://www.youtube.com/watch?v=cvkn-mh6U_0
LEGO Instructions – Sonic the Hedgehog – 77118 – Silver's Car vs. Knuckles' Monster Truck,LJFD9mZPMyw,https://www.youtube.com/watch?v=LJFD9mZPMyw
LEGO Instructions - Seasonal - 40915 - Lion Dance - Chinese Traditional Festival (Book 1),yxYwyP6YAcQ,https://www.youtube.com/watch?v=yxYwyP6YAcQ
LEGO Instructions - Seasonal - 40915 - Lion Dance - Chinese Traditional Festival (Book 2),SuNsfAVM5RY,https://www.youtube.com/watch?v=SuNsfAVM5RY
[Private video],kzO140bcFvY,https://www.youtube.com/watch?v=kzO140bcFvY
[Private video],ZpGm312QzO8,https://www.youtube.com/watch?v=ZpGm312QzO8
[Private video],rMrRsueOmKA,https://www.youtube.com/watch?v=rMrRsueOmKA
LEGO Instructions - Architecture - 21064 - Paris - City of Love,KZJXLcdBRbs,https://www.youtube.com/watch?v=KZJXLcdBRbs
LEGO Instructions - Education - 45200 - Moon Mission Science Kit - Science (Book 1),c7vWCHKqWTQ,https://www.youtube.com/watch?v=c7vWCHKqWTQ
[Private video],_JEF23Z6fhQ,https://www.youtube.com/watch?v=_JEF23Z6fhQ
LEGO Instructions - Education - 45200 - Moon Mission Science Kit - Science (All Books),B4JwGf1zbuA,https://www.youtube.com/watch?v=B4JwGf1zbuA
LEGO Instructions - Education - 45201 - Antarctic Animals Science Kit - Science (Book 1),DK8d5vZVv4s,https://www.youtube.com/watch?v=DK8d5vZVv4s
LEGO Instructions - Education - 45201 - Antarctic Animals Science Kit - Science (Book 2),_2bM6nX5Gqo,https://www.youtube.com/watch?v=_2bM6nX5Gqo
LEGO Instructions - Education - 45201 - Antarctic Animals Science Kit - Science (All Books),3GzHlgz3r3o,https://www.youtube.com/watch?v=3GzHlgz3r3o
LEGO Instructions - Education - 45202 - Mars Mission Science Kit - Science (Book 1),--8YUGzYb6I,https://www.youtube.com/watch?v=--8YUGzYb6I
[Private video],YQ7QMDaZIKE,https://www.youtube.com/watch?v=YQ7QMDaZIKE
[Private video],Z6bUzker4wg,https://www.youtube.com/watch?v=Z6bUzker4wg
[Private video],axHmegkWxpY,https://www.youtube.com/watch?v=axHmegkWxpY
LEGO Instructions - Education - 45202 - Mars Mission Science Kit - Science (All Books),53VZW7udJkc,https://www.youtube.com/watch?v=53VZW7udJkc
[Private video],g88OBWr0gxE,https://www.youtube.com/watch?v=g88OBWr0gxE
[Private video],y5onj3YQrTQ,https://www.youtube.com/watch?v=y5onj3YQrTQ
[Private video],k8xQlNH9VXA,https://www.youtube.com/watch?v=k8xQlNH9VXA
[Private video],6IE4EpliNQc,https://www.youtube.com/watch?v=6IE4EpliNQc
LEGO Instructions - Education - 45203 - Arctic Animals Science Kit - Science (All Books),Abu-R4cv7us,https://www.youtube.com/watch?v=Abu-R4cv7us
LEGO Instructions - City - 951441 - Construction Worker with Wheel Loader - Magazine Gift,nvzXXkYKkKg,https://www.youtube.com/watch?v=nvzXXkYKkKg
LEGO Instructions - Friends - 951445 - Horse stables - Magazine gift,OK8GnGpPRfM,https://www.youtube.com/watch?v=OK8GnGpPRfM
LEGO Instructions - Friends - 951446 - Valeria with Puppy - Magazine gift,uuN3BnydJVA,https://www.youtube.com/watch?v=uuN3BnydJVA
LEGO Instructions - Marvel Super Heroes - L0002282 - Venom with Mech - Magazine Gift,agdlQql8R_g,https://www.youtube.com/watch?v=agdlQql8R_g
LEGO Instructions - Ninjago - 951467 - Lloyd with Mech - Magazine Gift,z4Ns1F6aB2g,https://www.youtube.com/watch?v=z4Ns1F6aB2g
LEGO Instructions - Creator 3 in 1 - 951443 - Car - Magazine Gift (Build 1),9ApAqL26QZA,https://www.youtube.com/watch?v=9ApAqL26QZA
LEGO Instructions - Creator 3 in 1 - 951443 - Car - Magazine Gift (Build 2),DdnuOmvZA1M,https://www.youtube.com/watch?v=DdnuOmvZA1M
LEGO Instructions - Creator 3 in 1 - 951443 - Car - Magazine Gift (Build 3),RENxb_K6Fqg,https://www.youtube.com/watch?v=RENxb_K6Fqg
LEGO Instructions - Creator 3 in 1 - 951443 - Car - Magazine Gift (All Builds),BuFU_QNFquE,https://www.youtube.com/watch?v=BuFU_QNFquE
[Private video],g0Tufra1Tus,https://www.youtube.com/watch?v=g0Tufra1Tus
LEGO Instructions - Ninjago - 951466 - Kai with Motorcycle - Magazine Gift,QkrOlqtD7YM,https://www.youtube.com/watch?v=QkrOlqtD7YM
LEGO Instructions - City - 951440 - Police Buggy - Magazine Gift,gpQtF6ySGMQ,https://www.youtube.com/watch?v=gpQtF6ySGMQ
LEGO Instructions - Seasonal - 40886 - Penguins in Love - Valentine's Day,HBeh7IxWCrA,https://www.youtube.com/watch?v=HBeh7IxWCrA
LEGO Instructions - Creator 3 in 1 - 951442 - Cockatoo - Magazine Gift,EcvWZsWh1_E,https://www.youtube.com/watch?v=EcvWZsWh1_E
LEGO Instructions - Creator 3 in 1 - 951442 - Butterfly - Magazine Gift,pWZkBn9VcJo,https://www.youtube.com/watch?v=pWZkBn9VcJo
LEGO Instructions - Creator 3 in 1 - 951442 - Fish - Magazine Gift,zfKqN9MeO_s,https://www.youtube.com/watch?v=zfKqN9MeO_s
[Private video],VVxR-T-PNvM,https://www.youtube.com/watch?v=VVxR-T-PNvM
LEGO Instructions - Creator - 30716 - Cute Easter Bunny - Seasonal,grHtesE-Q1w,https://www.youtube.com/watch?v=grHtesE-Q1w
LEGO Instructions - DC Comics Super Heroes - 30726 - Bruce Wayne and the Batsuit - Batman,CLVCenzC3Ug,https://www.youtube.com/watch?v=CLVCenzC3Ug
LEGO Instructions - Botanicals - 11503 - Flower Wall - Botanical Collection,CB2CfZpHmEs,https://www.youtube.com/watch?v=CB2CfZpHmEs
LEGO Instructions - Harry Potter - 30724 - Dumbledore's Office with Harry - Chamber of Secrets,UPg5l-J0ROo,https://www.youtube.com/watch?v=UPg5l-J0ROo
LEGO Instructions - Marvel Super Heroes - 30725 - Spider-Man vs. Anti-Venom Heist - Spider-Man,CDxjPZuG3GQ,https://www.youtube.com/watch?v=CDxjPZuG3GQ
LEGO Instructions - Minecraft - 30732 - Alex's Campfire Conflict - Minifig-scale,IKE7OaJRkuo,https://www.youtube.com/watch?v=IKE7OaJRkuo
LEGO Instructions - Seasonal - 40957 - Spring Wreath - Easter,hP7VGUT8YlQ,https://www.youtube.com/watch?v=hP7VGUT8YlQ
LEGO Instructions - Sonic the Hedgehog - 30733 - Badnik: Skorp - Classic Games,1AnyAfKlvZY,https://www.youtube.com/watch?v=1AnyAfKlvZY
LEGO Instructions – Make and Take – 6614223 – Little HeiHei,Bv6DPMExbfY,https://www.youtube.com/watch?v=Bv6DPMExbfY
LEGO Instructions - Pick A Brick - 6631373 - Baby Puppy,qPFeUCTMwsY,https://www.youtube.com/watch?v=qPFeUCTMwsY
LEGO Instructions - Pick A Brick - 6614222 - Baby Unicorn,vhfLZohz4mw,https://www.youtube.com/watch?v=vhfLZohz4mw
LEGO Instructions - Disney - 43286 - The Aristocats Adorable Marie - The Aristocats,rMXhPwY9T1c,https://www.youtube.com/watch?v=rMXhPwY9T1c
LEGO Instructions - Creator - 40885 - Duck Family - Promotional (Book 1),t3Fphb7sVr0,https://www.youtube.com/watch?v=t3Fphb7sVr0
LEGO Instructions - Botanicals - BLACKROSE - Dark and Bloomy - Valentine's Day Event,GBPyZ7amzU0,https://www.youtube.com/watch?v=GBPyZ7amzU0
LEGO Instructions - Botanicals - PINKROSE - The Rosy Crush - Valentine's Day Event,zQCY3smHn_Y,https://www.youtube.com/watch?v=zQCY3smHn_Y
LEGO Instructions - Botanicals - REDROSE - Scarlet Passion - Valentine's Day Event,Mj9fQlMSVIE,https://www.youtube.com/watch?v=Mj9fQlMSVIE
LEGO Instructions - Promotional - 6614219 - Blooming Heart - LEGO brand stores,XrbirRsGkus,https://www.youtube.com/watch?v=XrbirRsGkus
LEGO Instructions - Creator - 40885 - Duck Family - Promotional (Book 2),3QtVbUD1uoU,https://www.youtube.com/watch?v=3QtVbUD1uoU
LEGO Instructions - Pokémon - 72152 - Pikachu and Poké Ball - Sculptures,s23o3thGdNI,https://www.youtube.com/watch?v=s23o3thGdNI
LEGO Instructions - Pokémon - 72151 - Eevee - Sculptures,mUkWfqGb7yM,https://www.youtube.com/watch?v=mUkWfqGb7yM
"LEGO Instructions - Pokémon - 72153 - Venusaur, Charizard and Blastoise - Sculptures (Book 1)",yoafs-pV9nQ,https://www.youtube.com/watch?v=yoafs-pV9nQ
"LEGO Instructions - Pokémon - 72153 - Venusaur, Charizard and Blastoise - Sculptures (Book 2)",O-HdZxMi6Yg,https://www.youtube.com/watch?v=O-HdZxMi6Yg
"LEGO Instructions - Pokémon - 72153 - Venusaur, Charizard and Blastoise - Sculptures (Book 3)",ec-8pJwI7_k,https://www.youtube.com/watch?v=ec-8pJwI7_k
"LEGO Instructions - Pokémon - 72153 - Venusaur, Charizard and Blastoise - Sculptures (All Books)",RCA4DCeq0cc,https://www.youtube.com/watch?v=RCA4DCeq0cc
[Private video],UHOfyRjt7Z4,https://www.youtube.com/watch?v=UHOfyRjt7Z4
LEGO Instructions - Animal Crossing - 30731 - Tom Nook and Flying Present - Promotional,BGu8ogwI2C0,https://www.youtube.com/watch?v=BGu8ogwI2C0
LEGO Instructions - Art - 31220 - Claude Monet - Bridge over a Pond of Water Lilies - Paintings,_7GXHYAaYck,https://www.youtube.com/watch?v=_7GXHYAaYck
LEGO Instructions - Botanicals - 11502 - Sunflower Bouquet - Botanical Collection (Book 1),JSCn5TGSXkM,https://www.youtube.com/watch?v=JSCn5TGSXkM
LEGO Instructions - Botanicals - 11502 - Sunflower Bouquet - Botanical Collection (Book 2),MxqFM4302PU,https://www.youtube.com/watch?v=MxqFM4302PU
[Private video],OfOG0pV9JCI,https://www.youtube.com/watch?v=OfOG0pV9JCI
LEGO Instructions - Botanicals - 11510 - Magnolia Branches - Botanical Collection (Book 1),tadHvPHFP7E,https://www.youtube.com/watch?v=tadHvPHFP7E
LEGO Instructions - Botanicals - 11510 - Magnolia Branches - Botanical Collection (Book 2),DWRgeaZgw0A,https://www.youtube.com/watch?v=DWRgeaZgw0A
[Private video],upejKUuPeOc,https://www.youtube.com/watch?v=upejKUuPeOc
"LEGO Instructions - BrickHeadz - 40861 - Sulley, Mike and Boo Figures - Disney (Book 1)",7H0uvoEBfyY,https://www.youtube.com/watch?v=7H0uvoEBfyY
"LEGO Instructions - BrickHeadz - 40861 - Sulley, Mike and Boo Figures - Disney (Book 2)",zSVlybQUypg,https://www.youtube.com/watch?v=zSVlybQUypg
"LEGO Instructions - BrickHeadz - 40861 - Sulley, Mike and Boo Figures - Disney (Book 3)",JZfiEK4Eyl0,https://www.youtube.com/watch?v=JZfiEK4Eyl0
"LEGO Instructions - BrickHeadz - 40861 - Sulley, Mike and Boo Figures - Disney (All Books)",vBfHRFMZMx0,https://www.youtube.com/watch?v=vBfHRFMZMx0
LEGO Instructions - BrickHeadz - 40881 - Supply Llama & Fishstick - Fortnite (Book 1),dzja7fCMlM8,https://www.youtube.com/watch?v=dzja7fCMlM8
LEGO Instructions - BrickHeadz - 40881 - Supply Llama & Fishstick - Fortnite (Book 2),SYSEh3jm5Jk,https://www.youtube.com/watch?v=SYSEh3jm5Jk
[Private video],X4bPngVzxS4,https://www.youtube.com/watch?v=X4bPngVzxS4
LEGO Instructions - BrickHeadz - 40910 - Beef Boss & Skye - Fortnite (Book 1),kYeNQw8p5Ew,https://www.youtube.com/watch?v=kYeNQw8p5Ew
LEGO Instructions - BrickHeadz - 40910 - Beef Boss & Skye - Fortnite (Book 2),yHAHyCVclxg,https://www.youtube.com/watch?v=yHAHyCVclxg
LEGO Instructions - BrickHeadz - 40910 - Beef Boss & Skye - Fortnite (All Books),f8VqkUt0oZY,https://www.youtube.com/watch?v=f8VqkUt0oZY
LEGO Instructions - City - 60493 - F1 Display Truck with Audi F1 Race Car - Formula 1 (Book 1),FlWFmH7IVWY,https://www.youtube.com/watch?v=FlWFmH7IVWY
LEGO Instructions - City - 60493 - F1 Display Truck with Audi F1 Race Car - Formula 1 (Book 2),4PLuR2AUpAM,https://www.youtube.com/watch?v=4PLuR2AUpAM
LEGO Instructions - City - 60493 - F1 Display Truck with Audi F1 Race Car - Formula 1 (All Books),1kWYCK-wyj4,https://www.youtube.com/watch?v=1kWYCK-wyj4
LEGO Instructions - City - 60508 - Police Train Heist - Police (Book 1),LalUmAH1S_k,https://www.youtube.com/watch?v=LalUmAH1S_k
LEGO Instructions - City - 60508 - Police Train Heist - Police (Book 2),Lv1OLLyO6Do,https://www.youtube.com/watch?v=Lv1OLLyO6Do
LEGO Instructions - City - 60508 - Police Train Heist - Police (Book 3),01ik0fe-3Sg,https://www.youtube.com/watch?v=01ik0fe-3Sg
LEGO Instructions - City - 60508 - Police Train Heist - Police (Book 4),u6LxX_a9zxQ,https://www.youtube.com/watch?v=u6LxX_a9zxQ
LEGO Instructions - City - 60508 - Police Train Heist - Police (Book 5),HsrvjLO4QdU,https://www.youtube.com/watch?v=HsrvjLO4QdU
LEGO Instructions - City - 60508 - Police Train Heist - Police (Book 6),TtDoTVdjNbY,https://www.youtube.com/watch?v=TtDoTVdjNbY
LEGO Instructions - City - 60508 - Police Train Heist - Police (All Books),j-wOEGIGWHQ,https://www.youtube.com/watch?v=j-wOEGIGWHQ
LEGO Instructions - Creator - 40953 - London Bus - Miscellaneous,eLhflfoq7m0,https://www.youtube.com/watch?v=eLhflfoq7m0
LEGO Instructions - DC Comics Super Heroes - 76330 - Batman Logo - Batman,Vwdmov4XGp0,https://www.youtube.com/watch?v=Vwdmov4XGp0
LEGO Instructions - DC Comics Super Heroes - 76331 - Batman v Superman Batmobile - Legendary Batmob…,Qt4o4NFuNnk,https://www.youtube.com/watch?v=Qt4o4NFuNnk
LEGO Instructions - DC Comics Super Heroes - 76332 - The Batman Batmobile - Legendary Batmobile Col…,6_f83WqRtU8,https://www.youtube.com/watch?v=6_f83WqRtU8
LEGO Instructions - DC Comics Super Heroes - 76333 - Batman & Robin Batmobile - Legendary Batmobile…,omEPri_MJ0U,https://www.youtube.com/watch?v=omEPri_MJ0U
LEGO Instructions - Disney - 43288 - Sally's Flowerpot - The Nightmare Before Christmas,gWa2UtqTxag,https://www.youtube.com/watch?v=gWa2UtqTxag
LEGO Instructions - Disney - 43290 - Kevin & Dug - Up (Book 1),vOT2gd_yI_k,https://www.youtube.com/watch?v=vOT2gd_yI_k
LEGO Instructions - Disney - 43290 - Kevin & Dug - Up (Book 2),_W_LGIC8xKU,https://www.youtube.com/watch?v=_W_LGIC8xKU
LEGO Instructions - Disney - 43290 - Kevin & Dug - Up (All Books),pOD8J46ggok,https://www.youtube.com/watch?v=pOD8J46ggok
LEGO Instructions - Disney - 43300 - Winnie the Pooh - Winnie the Pooh (Book 1),hDrvI52SaVk,https://www.youtube.com/watch?v=hDrvI52SaVk
LEGO Instructions - Disney - 43300 - Winnie the Pooh - Winnie the Pooh (Book 2),BkOm4g3WECk,https://www.youtube.com/watch?v=BkOm4g3WECk
LEGO Instructions - Disney - 43305 - Piglet's Birthday Fun - Winnie the Pooh (Book 1),SB2B6n4y6oQ,https://www.youtube.com/watch?v=SB2B6n4y6oQ
LEGO Instructions - Disney - 43305 - Piglet's Birthday Fun - Winnie the Pooh (Book 2),Jgse0eeT3uA,https://www.youtube.com/watch?v=Jgse0eeT3uA
[Private video],hHKiq9ybWks,https://www.youtube.com/watch?v=hHKiq9ybWks
LEGO Instructions - Duplo - 10463 - Dinosaur Spidey-Rex vs. Green Goblin - Spidey and His Amazing F…,HmSiGusfkpk,https://www.youtube.com/watch?v=HmSiGusfkpk
LEGO Instructions - Duplo - 10465 - Mickey Mouse Clubhouse with Minnie & Pluto - Mickey Mouse Clubh…,WwTxUIGBNaE,https://www.youtube.com/watch?v=WwTxUIGBNaE
LEGO Instructions - Duplo - 10466 - Train Ride with Grandpa Pig - Peppa Pig,zlx3Y5tI6Ks,https://www.youtube.com/watch?v=zlx3Y5tI6Ks
LEGO Instructions - Duplo - 10467 - Family House - Peppa Pig,fBAS1DfNu8w,https://www.youtube.com/watch?v=fBAS1DfNu8w
LEGO Instructions - Duplo - 10468 - Tractor and Market - Peppa Pig,y_292RLVEys,https://www.youtube.com/watch?v=y_292RLVEys
LEGO Instructions - Editions - 43019 - Football,3Yv831H_KQg,https://www.youtube.com/watch?v=3Yv831H_KQg
LEGO Instructions - Icons - 11373 - The Lord of the Rings: Sauron's Helmet - The Lord of the Rings,1h6uyNQ8WCA,https://www.youtube.com/watch?v=1h6uyNQ8WCA
LEGO Instructions - Icons - 11375 - Ferrari F2004 & Michael Schumacher - Formula 1,MIbHDSEERfo,https://www.youtube.com/watch?v=MIbHDSEERfo
LEGO Instructions - Icons - 11389 - Project Hail Mary - Project Hail Mary,OfSxy21Q53o,https://www.youtube.com/watch?v=OfSxy21Q53o
LEGO Instructions - Ideas - 21366 - Floating Sea Otters,Wom6fRShfV4,https://www.youtube.com/watch?v=Wom6fRShfV4
LEGO Instructions - Ideas - 21376 - Orange Cat,7JnDfLn808M,https://www.youtube.com/watch?v=7JnDfLn808M
LEGO Instructions - Ninjago - 71860 - Lloyd's Titan Mech - Secrets of the Forbidden Spinjitzu,L70uIwh-7BA,https://www.youtube.com/watch?v=L70uIwh-7BA
LEGO Instructions - Speed Champions - 30734 - Mini F1 ACADEMY Car - F1 ACADEMY,y5lnjc4-FMA,https://www.youtube.com/watch?v=y5lnjc4-FMA
LEGO Instructions - Speed Champions - 77258 - F1 ACADEMY LEGO Race Car - F1 ACADEMY,Ff-G60vK6PU,https://www.youtube.com/watch?v=Ff-G60vK6PU
LEGO Instructions - Speed Champions - 77259 - Audi Revolut F1 Team R26 Race Car - Formula 1,qstzEvvfTI4,https://www.youtube.com/watch?v=qstzEvvfTI4
LEGO Instructions - Star Wars - 75420 - Luke's Landspeeder - SMART Play (Book 1),_7ED39CpAwU,https://www.youtube.com/watch?v=_7ED39CpAwU
LEGO Instructions - Star Wars - 75420 - Luke's Landspeeder - SMART Play (Book 2),mrVxWzN6N1A,https://www.youtube.com/watch?v=mrVxWzN6N1A
[Private video],1Plpa5EhsyA,https://www.youtube.com/watch?v=1Plpa5EhsyA
LEGO Instructions - Star Wars - 75421 - Darth Vader's TIE Fighter - SMART Play (Book 1),Ea9-pnk3KOw,https://www.youtube.com/watch?v=Ea9-pnk3KOw
LEGO Instructions - Star Wars - 75421 - Darth Vader's TIE Fighter - SMART Play (Book 2),c2Bb8feg_do,https://www.youtube.com/watch?v=c2Bb8feg_do
[Private video],07G8VA1rGQw,https://www.youtube.com/watch?v=07G8VA1rGQw
LEGO Instructions - Star Wars - 75422 - Yoda's Hut and Jedi Training - SMART Play (Book 1),eRKScrS_DZQ,https://www.youtube.com/watch?v=eRKScrS_DZQ
LEGO Instructions - Star Wars - 75422 - Yoda's Hut and Jedi Training - SMART Play (Book 2),GmqoBeig8BI,https://www.youtube.com/watch?v=GmqoBeig8BI
LEGO Instructions - Star Wars - 75423 - Luke's Red Five X-wing - SMART Play (Book 2),uApg0jcKjzI,https://www.youtube.com/watch?v=uApg0jcKjzI
LEGO Instructions - Star Wars - 75423 - Luke's Red Five X-wing - SMART Play (Book 3),Ghs0eFbirEE,https://www.youtube.com/watch?v=Ghs0eFbirEE
LEGO Instructions - Star Wars - 75423 - Luke's Red Five X-wing - SMART Play (Book 4),NnRbEpXnYO8,https://www.youtube.com/watch?v=NnRbEpXnYO8
LEGO Instructions - Star Wars - 75423 - Luke's Red Five X-wing - SMART Play (Book 1),pNMoOL_JSXQ,https://www.youtube.com/watch?v=pNMoOL_JSXQ
LEGO Instructions - Star Wars - 75423 - Luke's Red Five X-wing - SMART Play (Book 5),SFuwV5Q96Kw,https://www.youtube.com/watch?v=SFuwV5Q96Kw
LEGO Instructions - Star Wars - 75424 - AT-ST Attack on Endor - SMART Play (Book 1),XXaUrHGrS50,https://www.youtube.com/watch?v=XXaUrHGrS50
LEGO Instructions - Star Wars - 75424 - AT-ST Attack on Endor - SMART Play (Book 2),coTduJm-K-k,https://www.youtube.com/watch?v=coTduJm-K-k
[Private video],nZWeFq5Bq8k,https://www.youtube.com/watch?v=nZWeFq5Bq8k
LEGO Instructions - Star Wars - 75425 - Mos Eisley Cantina - SMART Play (Book 2),UXLX3DRc3EQ,https://www.youtube.com/watch?v=UXLX3DRc3EQ
LEGO Instructions - Star Wars - 75425 - Mos Eisley Cantina - SMART Play (Book 2),Y7JeFwH269g,https://www.youtube.com/watch?v=Y7JeFwH269g
LEGO Instructions - Star Wars - 75425 - Mos Eisley Cantina - SMART Play (Book 3),cdvxRwQIRfA,https://www.youtube.com/watch?v=cdvxRwQIRfA
LEGO Instructions - Star Wars - 75425 - Mos Eisley Cantina - SMART Play (Book 1),AnOuT_HzUu0,https://www.youtube.com/watch?v=AnOuT_HzUu0
LEGO Instructions - Star Wars - 75425 - Mos Eisley Cantina - SMART Play (Book 4),PKlhu1Rbowo,https://www.youtube.com/watch?v=PKlhu1Rbowo
LEGO Instructions - Star Wars - 75426 - Millennium Falcon - SMART Play,6XEYvPXdiuo,https://www.youtube.com/watch?v=6XEYvPXdiuo
LEGO Instructions - Star Wars - 75427 - Throne Room Duel & A-wing - SMART Play (Book 2),yIbARsGbyc0,https://www.youtube.com/watch?v=yIbARsGbyc0
LEGO Instructions - Star Wars - 75427 - Throne Room Duel & A-wing - SMART Play (Book 3),2yWfIdSnF6U,https://www.youtube.com/watch?v=2yWfIdSnF6U
[Private video],T85W2EGeDc8,https://www.youtube.com/watch?v=T85W2EGeDc8
LEGO Instructions - Star Wars - 75427 - Throne Room Duel & A-wing - SMART Play (Book 1),qCpjkFE2m5w,https://www.youtube.com/watch?v=qCpjkFE2m5w
LEGO Instructions - Star Wars - 75427 - Throne Room Duel & A-wing - SMART Play (Book 4),uvjrgRTsQdA,https://www.youtube.com/watch?v=uvjrgRTsQdA
[Private video],wTtgEW7dm40,https://www.youtube.com/watch?v=wTtgEW7dm40
LEGO Instructions - Technic - 30736 - White Seaplane,WrHVXlne790,https://www.youtube.com/watch?v=WrHVXlne790
LEGO Instructions - Technic - 42225 - Yellow Motorcycle,uoZsssLRYjM,https://www.youtube.com/watch?v=uoZsssLRYjM
LEGO Instructions - Technic - 42226 - BMW M4 GT3 EVO - Licensed,oInNy5ep5ls,https://www.youtube.com/watch?v=oInNy5ep5ls
LEGO Instructions - Technic - 42227 - Jeep Wrangler Rubicon - Licensed,1rJdkFj1VXA,https://www.youtube.com/watch?v=1rJdkFj1VXA
LEGO Instructions - Icons - 11376 - Ford Model T - Vehicles,7mYGkIbbME4,https://www.youtube.com/watch?v=7mYGkIbbME4
LEGO Instructions - The Legend of Zelda - 77093 - Ocarina of Time - The Final Battle - Ocarina of T…,7LMPTxZhmMI,https://www.youtube.com/watch?v=7LMPTxZhmMI
LEGO Instructions - Editions - 43020 - FIFA World Cup Official Trophy - FIFA,hg36DIM4Vwc,https://www.youtube.com/watch?v=hg36DIM4Vwc
LEGO Instructions - Miscellaneous - 40921 - Up-Scaled Blue Astronaut Minifigure,WLLnSdK6bIE,https://www.youtube.com/watch?v=WLLnSdK6bIE
LEGO Instructions - Botanicals - 40916 - Floral Picture Frame - Botanical Collection (Book 1),ouBz6wuMVH4,https://www.youtube.com/watch?v=ouBz6wuMVH4
LEGO Instructions - Botanicals - 40916 - Floral Picture Frame - Botanical Collection (Book 2),MxMaZ8sIK74,https://www.youtube.com/watch?v=MxMaZ8sIK74
LEGO Instructions - Botanicals - 40916 - Floral Picture Frame - Botanical Collection (Book 3),CQQJg1jRcWY,https://www.youtube.com/watch?v=CQQJg1jRcWY
[Private video],UnWe5nEN_Ek,https://www.youtube.com/watch?v=UnWe5nEN_Ek
LEGO Instructions - Technic - 42228 - McLaren F1 Team MCL39 - Licensed,eiu_xJhFRz0,https://www.youtube.com/watch?v=eiu_xJhFRz0
LEGO Instructions - Miscellaneous - 40955 - Maersk Dual-Fuel Container Vessel - Maersk,sq4Hm8tvd90,https://www.youtube.com/watch?v=sq4Hm8tvd90
LEGO Instructions - Pokémon - 40892 - Kanto Region Badge Collection - Promotional,MLP8XKVfVjA,https://www.youtube.com/watch?v=MLP8XKVfVjA
LEGO Instructions - Promotional - 6643344 - Hat (St Patrick's Day M&T) - LEGO brand stores,4KeUPyb_RWU,https://www.youtube.com/watch?v=4KeUPyb_RWU
[Private video],y88lIQs0kUU,https://www.youtube.com/watch?v=y88lIQs0kUU
LEGO Instructions - Technic - L0002291 - Super Sports Car - Magazine Gift,UwPrPzsSk50,https://www.youtube.com/watch?v=UwPrPzsSk50
LEGO Instructions - Seasonal - 40890 - Easter Decorations - Easter (Book 1),ej_EEKehnPU,https://www.youtube.com/watch?v=ej_EEKehnPU
LEGO Instructions - Seasonal - 40890 - Easter Decorations - Easter (Book 2),1WwAlTz_BGI,https://www.youtube.com/watch?v=1WwAlTz_BGI
LEGO Instructions - Seasonal - 40890 - Easter Decorations - Easter (Book 3),qux_EPJJ1PY,https://www.youtube.com/watch?v=qux_EPJJ1PY
[Private video],s2b9Zyt2S84,https://www.youtube.com/watch?v=s2b9Zyt2S84
LEGO Instructions - BrickHeadz - 40878 - Teenage Mutant Ninja Turtles Figures - Teenage Mu… (Book 1),ZT1xFe-bosg,https://www.youtube.com/watch?v=ZT1xFe-bosg
LEGO Instructions - BrickHeadz - 40878 - Teenage Mutant Ninja Turtles Figures - Teenage Mu… (Book 2),P0H9ncJ_aHo,https://www.youtube.com/watch?v=P0H9ncJ_aHo
LEGO Instructions - BrickHeadz - 40878 - Teenage Mutant Ninja Turtles Figures - Teenage Mu… (Book 3),FqBDSWVEce0,https://www.youtube.com/watch?v=FqBDSWVEce0
LEGO Instructions - BrickHeadz - 40878 - Teenage Mutant Ninja Turtles Figures - Teenage Mu… (Book 4),UxkCpbpOtTs,https://www.youtube.com/watch?v=UxkCpbpOtTs
[Private video],L4B189AYvHA,https://www.youtube.com/watch?v=L4B189AYvHA
LEGO Instructions - Creator - 40954 - Germany Postcard - Postcard,g-i7TyoKcc4,https://www.youtube.com/watch?v=g-i7TyoKcc4
LEGO Instructions - Icons - 11378 - Douglas™ DC-3™ PAN AM® Airliner,dNdQzTeDZnA,https://www.youtube.com/watch?v=dNdQzTeDZnA
[Private video],eJCz6ToCofw,https://www.youtube.com/watch?v=eJCz6ToCofw
LEGO Instructions - Star Wars - 75460 - New Republic X-wing Starfighter - The Mandalorian and Grogu,F4h86OILd-8,https://www.youtube.com/watch?v=F4h86OILd-8
LEGO Instructions - Super Mario - 72050 - Mario Kart – Luigi & Mach 8 - Mario Kart,R0OUPiIhrCk,https://www.youtube.com/watch?v=R0OUPiIhrCk
[Private video],CT7ELnIDN_A,https://www.youtube.com/watch?v=CT7ELnIDN_A
[Private video],cV2_cR27SGs,https://www.youtube.com/watch?v=cV2_cR27SGs
[Private video],0lXJMdZZxwc,https://www.youtube.com/watch?v=0lXJMdZZxwc
[Deleted video],TEYfFfy4za8,https://www.youtube.com/watch?v=TEYfFfy4za8
[Private video],AT9uvF2cgc0,https://www.youtube.com/watch?v=AT9uvF2cgc0
[Private video],JOlbLDA7oGU,https://www.youtube.com/watch?v=JOlbLDA7oGU
LEGO Instructions - Ideas - 21367 - Tintin Moon Rocket - Licensed,hTijJr3WnmQ,https://www.youtube.com/watch?v=hTijJr3WnmQ
LEGO Instructions - Nike - 43025 - Nike Air Max 95 (Book 1),OVX9zrZ6dXw,https://www.youtube.com/watch?v=OVX9zrZ6dXw
LEGO Instructions - Nike - 43025 - Nike Air Max 95 (Book 2),vCPvIAPjSAs,https://www.youtube.com/watch?v=vCPvIAPjSAs
[Private video],U7IIz8rp7n0,https://www.youtube.com/watch?v=U7IIz8rp7n0
LEGO Instructions - Education - 45522 - Computer Science & AI Kit Year 7-9 - Computer Science & AI,YBTVUsvteps,https://www.youtube.com/watch?v=YBTVUsvteps
LEGO Instructions - Education - 45521 - Computer Science & AI Kit Year 4-6 - Computer Science & AI,NoRf0rv_wA4,https://www.youtube.com/watch?v=NoRf0rv_wA4
[Private video],N-0HE3aOD-Y,https://www.youtube.com/watch?v=N-0HE3aOD-Y
LEGO Instructions - Promotional - 40906 - Restaurants of the World: Japan - Restaurants of the World,Ak00uRrqFMk,https://www.youtube.com/watch?v=Ak00uRrqFMk
LEGO Instructions - Promotional - 40907 - Restaurants of the World: Mexico,HjFfMgrMvKg,https://www.youtube.com/watch?v=HjFfMgrMvKg
